age,sex,race,region,educ,exper,earnings,weeks,hours
46,2,1,1,18,22,60000,52,40
43,1,1,1,14,23,180000,48,45
49,2,1,3,12,31,48700,52,40
48,1,1,2,16,26,30000,52,60
45,1,1,3,14,25,66000,52,85
40,2,2,3,14,20,34000,52,40
46,1,1,1,10,28,10000,52,40
36,2,1,1,7.5,18,12000,52,40
41,1,1,1,12,23,26000,52,45
36,2,2,3,14,16,14000,52,40
27,2,1,3,2.5,9,387963,52,40
29,2,1,1,12,11,15000,26,24
46,1,1,1,12,28,35000,34,65
46,1,1,1,16,24,98000,52,45
34,2,1,3,14,14,3960,12,40
49,1,1,3,18,25,52540,52,40
36,1,1,1,16,14,40000,52,40
41,2,2,3,12,23,9000,16,31
34,1,1,1,12,16,70000,52,40
49,1,1,1,14,29,45000,52,40
48,1,1,3,7.5,30,21120,52,40
48,1,1,3,14,28,35000,52,40
41,1,1,1,16,19,49000,43,40
25,1,1,1,16,3,10000,52,20
43,2,1,2,16,21,6000,36,14
45,1,1,2,14,25,8000,25,40
49,1,1,1,16,27,22500,52,40
34,2,1,3,11,16,4000,52,30
51,1,2,3,12,33,24000,52,40
42,1,1,1,20,16,50000,52,50
31,2,1,3,12,13,24000,35,70
41,2,1,1,12,23,40000,52,40
48,2,2,1,5.5,30,10400,52,40
40,2,1,3,14,20,9360,36,34
26,2,1,1,14,6,23000,52,40
37,2,1,1,12,19,5250,25,32
54,1,1,3,5.5,36,20800,52,40
50,1,1,1,12,32,38000,36,48
46,2,1,1,12,28,15000,52,40
43,1,2,3,16,21,38500,52,40
49,2,1,2,12,31,38624,52,40
49,1,1,2,11,31,33686,52,40
44,2,1,1,16,22,29000,52,40
48,1,1,1,12,30,65000,52,40
32,1,1,3,9,14,24000,40,35
44,1,1,3,16,22,65000,52,50
28,1,1,1,14,8,35000,52,50
35,2,1,2,12,17,3000,52,30
49,2,1,2,14,29,31000,52,40
48,2,1,1,12,30,33280,52,40
47,1,1,1,14,27,27371,52,40
34,2,1,1,16,12,97000,52,40
52,2,1,3,14,32,50000,52,40
31,1,4,3,18,7,40000,52,40
40,2,1,2,12,22,40000,50,40
26,1,1,4,12,8,50000,52,40
36,1,2,3,14,16,85000,52,40
38,2,1,2,16,16,62000,52,42
45,2,1,3,16,23,48000,38,40
37,2,2,3,16,15,12000,52,16
34,2,1,2,14,14,1800,50,5
40,2,1,4,12,22,2500,15,20
38,1,1,1,12,20,25000,52,40
30,2,1,3,12,12,31000,52,40
30,1,1,4,12,12,69000,52,50
49,1,1,4,16,27,30000,52,40
40,2,1,2,14,20,1580,8,7
28,1,1,2,16,6,80000,52,60
42,2,1,4,14,22,32000,52,48
43,2,1,4,12,25,40000,52,40
37,2,1,3,12,19,18686,52,40
39,1,1,2,14,19,45000,52,55
34,2,1,3,12,16,11000,40,12
29,2,5,3,14,9,31000,39,40
36,1,1,4,18,12,45000,52,40
44,2,1,1,14,24,30000,52,40
44,2,1,2,12,26,30000,52,40
51,2,1,2,20,25,121500,47,31
32,1,1,2,16,10,68000,52,40
51,2,1,1,16,29,49000,40,40
29,1,1,3,12,11,17000,52,45
43,2,1,3,12,25,35000,52,50
44,2,1,2,12,26,30000,52,35
47,2,1,2,16,25,26600,52,30
32,1,1,2,12,14,32000,52,40
26,1,1,2,12,8,50000,52,60
28,2,1,1,18,4,45000,52,40
27,2,1,3,20,1,75500,52,40
41,1,1,4,12,23,38000,52,40
45,2,1,1,18,21,13900,36,20
37,2,1,3,14,17,50000,52,40
38,1,1,2,14,18,50000,52,60
49,2,1,4,5.5,31,12000,30,1
32,1,1,4,14,12,100000,52,40
41,1,1,4,12,23,25000,52,40
28,2,1,3,14,8,75000,52,35
47,1,3,4,16,25,140000,52,40
49,1,1,4,14,29,70000,52,50
30,2,3,2,14,10,58000,52,55
33,1,1,2,18,9,36000,52,40
40,1,1,2,12,22,23400,52,40
54,1,1,2,14,34,46800,52,50
27,2,1,2,14,7,12000,52,30
32,2,4,4,16,10,9672,16,40
31,2,1,2,16,9,30000,42,40
43,1,1,2,2.5,25,30000,52,40
48,1,2,2,10,30,1000,45,6
54,2,1,4,12,36,18000,52,40
37,2,4,4,16,15,62000,52,50
46,1,1,4,14,26,60000,52,40
47,1,1,4,11,29,3600,26,4
33,1,1,2,12,15,41717,52,40
40,1,1,2,12,22,54000,52,40
45,2,1,3,14,25,14656,52,50
42,2,1,3,16,20,37000,52,40
45,1,1,4,14,25,26000,52,40
43,2,1,4,16,21,24000,40,40
50,2,1,2,14,30,25584,52,40
28,1,1,2,14,8,60000,52,40
29,1,1,4,16,7,10000,40,20
53,1,1,4,12,35,25200,36,40
50,2,1,4,12,32,23000,52,40
30,2,1,4,12,12,17000,40,40
48,1,1,4,12,30,73000,52,45
39,2,1,4,18,15,46000,52,40
44,2,4,4,20,18,42000,52,40
25,2,4,2,12,7,32000,52,40
39,2,5,3,9,21,4100,44,20
39,2,1,4,14,19,2683,26,16
40,2,1,4,2.5,22,10400,52,40
25,2,1,4,12,7,18000,52,40
42,1,1,2,14,22,44000,52,36
32,1,1,1,12,14,50000,52,40
46,1,3,1,12,28,24000,36,37
31,2,2,3,11,13,22880,52,40
31,2,1,1,12,13,24000,52,20
48,2,2,2,12,30,16000,52,40
37,1,1,1,12,19,3000,52,30
51,2,1,2,18,27,25000,52,21
44,1,1,1,14,24,18000,52,40
42,1,2,3,12,24,28000,46,44
42,1,1,2,7.5,24,4440,2,40
40,2,1,3,14,20,6800,52,16
47,2,2,3,14,27,57000,52,40
46,1,4,3,16,24,75000,52,40
49,2,1,1,16,27,27000,52,40
33,1,1,1,14,13,35000,52,40
46,1,1,1,14,26,20952,52,15
51,2,1,1,12,33,11000,52,20
41,1,2,3,12,23,21000,52,40
25,2,1,3,16,3,27600,52,56
53,1,1,1,18,29,60000,52,40
40,1,4,3,12,22,40000,52,50
43,2,1,3,10,25,5000,52,12
42,2,1,3,5.5,24,16000,52,40
50,2,1,2,12,32,25000,52,45
36,2,1,1,12,18,14000,52,40
36,1,1,2,14,16,42000,23,40
38,1,1,1,12,20,20000,52,50
36,2,1,3,14,16,36500,52,40
45,2,1,1,16,23,15000,26,40
54,2,1,3,16,32,54000,32,40
28,1,2,3,12,10,20000,52,50
34,1,1,1,16,12,24430,52,45
46,2,1,1,18,22,10000,17,40
33,1,1,1,16,11,30000,52,65
50,2,2,3,14,30,19500,52,40
54,1,1,1,14,34,61291,52,40
53,2,4,3,11,35,50000,52,40
50,1,1,1,18,26,140000,52,45
33,1,1,1,14,13,20000,40,40
50,1,1,1,12,32,6200,26,40
54,2,1,2,18,30,55600,52,60
27,2,1,2,12,9,1800,26,30
41,2,1,1,14,21,49148,52,50
31,1,1,3,12,13,40000,52,50
36,2,1,3,16,14,39000,52,40
30,2,1,3,18,6,55000,52,40
40,1,1,2,14,20,75000,52,50
54,1,2,1,12,36,53500,52,40
52,1,1,1,16,30,158000,52,65
50,1,2,3,12,32,30000,52,40
40,1,1,3,16,18,58000,40,40
43,1,1,1,12,25,24000,52,45
27,2,1,2,14,7,17000,18,40
27,1,1,3,14,7,27000,52,50
47,2,4,2,7.5,29,22000,52,52
27,2,1,3,16,5,34000,52,35
52,1,2,3,14,32,17000,52,40
27,2,2,1,12,9,30000,52,40
27,1,1,3,12,9,29000,52,40
49,1,1,3,20,23,9360,52,24
35,1,1,3,12,17,60000,52,40
26,2,1,3,18,2,60000,52,40
37,2,2,3,12,19,14000,52,40
40,2,1,3,14,20,12000,49,32
46,1,1,1,14,26,30000,52,40
47,1,2,1,11,29,2880,13,40
42,2,2,1,14,22,39000,52,35
37,1,1,1,14,17,55000,52,35
29,2,1,3,14,9,12000,52,40
54,1,1,1,14,34,51800,52,40
31,1,1,3,16,9,62000,52,45
38,2,3,3,14,18,25000,52,44
29,1,1,1,12,11,48000,52,50
38,1,1,3,16,16,120000,52,60
29,1,1,1,16,7,6000,13,20
53,2,1,1,18,29,95000,52,60
39,2,1,2,14,19,34000,52,37
29,2,1,4,16,7,40000,52,40
41,1,1,2,12,23,30500,52,40
29,2,1,4,18,5,20000,39,20
44,1,1,2,18,20,85000,52,50
28,2,1,1,18,4,17000,12,35
49,2,1,1,18,25,46000,52,45
32,2,1,3,14,12,24000,52,40
51,2,1,2,14,31,28000,52,32
46,1,1,3,12,28,18000,52,40
44,1,1,3,16,22,51000,52,50
45,1,1,3,20,19,90000,52,70
39,2,1,1,12,21,10000,52,24
45,1,1,1,14,25,52000,52,45
45,1,1,2,14,25,38000,52,45
37,1,1,4,14,17,60000,52,50
54,2,1,4,18,30,72000,41,40
36,1,1,4,0,18,13000,52,75
36,2,4,3,16,14,33000,52,40
46,2,1,1,14,26,54000,52,44
40,2,2,3,12,22,14000,52,40
53,1,1,1,14,33,48000,52,75
54,1,1,2,14,34,10000,52,40
52,1,1,2,14,32,10000,10,40
54,2,1,4,16,32,55000,52,40
47,2,1,3,16,25,40000,52,40
26,1,1,2,12,8,30000,52,40
49,1,1,3,12,31,17631,40,40
43,2,2,2,12,25,7800,26,30
39,2,1,4,16,17,7610,37,12
44,1,1,2,12,26,53000,52,41
46,2,1,1,14,26,58000,52,40
48,2,1,2,12,30,6525,43,15
28,1,1,4,14,8,80000,52,45
46,2,2,3,12,28,16000,52,40
25,1,1,4,12,7,39000,52,40
26,1,3,4,14,6,27000,52,30
29,1,1,4,14,9,45000,52,45
26,2,1,3,11,8,4500,41,40
45,2,1,4,14,25,3000,16,20
37,1,1,3,12,19,21000,52,40
29,1,1,3,7.5,11,28000,12,50
44,1,2,3,16,22,31800,52,50
26,1,1,2,14,6,34000,52,40
51,1,1,2,12,33,32000,51,40
41,2,1,4,14,21,40000,52,40
43,2,1,4,14,23,26000,52,40
48,1,1,2,14,28,41500,52,55
41,2,1,2,14,21,24960,52,40
48,2,1,3,12,30,30000,52,40
43,2,1,4,14,23,10000,52,32
35,1,1,4,18,11,100000,52,40
35,1,1,4,18,11,87000,52,50
40,2,1,2,14,20,12000,52,50
46,1,1,2,14,26,36000,52,40
38,2,1,2,20,12,40000,46,60
25,2,1,2,16,3,4426,48,10
25,2,5,2,12,7,50000,52,40
53,1,1,2,14,33,13000,52,35
47,1,1,2,12,29,2500,21,40
51,2,1,2,12,33,23000,52,35
36,1,1,2,16,14,85000,52,50
33,1,1,4,14,13,20000,40,35
47,2,1,2,14,27,37000,52,40
42,2,1,3,14,22,20000,26,10
45,2,1,2,12,27,22000,44,30
25,2,1,2,12,7,18000,52,40
46,2,3,4,9,28,26000,52,40
45,1,1,2,12,27,24000,52,40
35,1,1,4,16,13,30000,52,40
37,1,1,4,16,15,16000,37,40
32,1,1,4,14,12,12000,12,48
42,1,1,2,14,22,91000,52,55
41,1,1,2,16,19,42000,52,55
43,1,1,4,11,25,2000,45,12
51,1,1,4,16,29,80000,46,55
27,1,1,4,12,9,8000,26,36
36,1,1,4,18,12,117000,52,50
38,2,1,4,14,18,30000,52,40
30,1,4,4,16,8,29000,52,40
27,2,5,2,14,7,33000,52,40
49,2,1,2,16,27,50000,52,40
48,1,1,3,12,30,32000,52,40
30,2,1,2,14,10,28000,52,40
35,1,1,4,12,17,35000,52,45
50,1,1,4,16,28,40000,52,40
36,2,2,4,16,14,5000,52,20
31,2,1,4,12,13,2000,16,25
40,1,1,2,12,22,20000,28,40
44,1,1,3,12,26,60000,52,50
33,1,1,2,16,11,55000,52,45
33,1,1,2,12,15,24000,52,40
25,1,1,3,14,5,16000,40,40
31,2,1,4,16,9,3960,48,10
27,1,1,4,14,7,63000,52,40
28,1,1,4,16,6,36000,52,40
47,2,1,2,14,27,22000,52,40
39,1,1,2,16,17,90000,52,50
32,2,5,4,16,10,7000,48,16
45,1,1,2,12,27,13000,52,38
34,2,1,3,11,16,18000,52,40
31,2,1,4,14,11,24000,52,40
45,2,1,2,18,21,62000,52,45
48,1,1,2,12,30,50000,52,56
27,2,1,3,14,7,50000,52,40
44,1,1,4,14,24,70000,52,40
42,1,1,2,12,24,46800,52,45
51,2,1,4,16,29,97000,52,40
28,1,5,4,14,8,13100,50,40
30,2,1,3,18,6,4000,52,4
26,1,1,4,12,8,54000,30,40
31,2,1,4,14,11,34000,52,40
28,1,1,3,9,10,70000,52,40
42,2,1,2,16,20,92000,50,50
44,2,1,4,12,26,18000,52,40
38,2,1,2,14,18,23000,52,40
48,1,1,2,16,26,57000,52,50
28,1,1,3,12,10,12000,52,40
30,1,1,4,11,12,35000,52,40
46,2,1,4,12,28,14946,52,37
51,1,1,2,14,31,45000,52,40
26,1,1,2,12,8,16000,36,50
43,1,1,4,18,19,130000,52,40
36,2,1,3,16,14,40000,52,32
37,2,1,3,12,19,5000,40,40
43,1,1,3,20,17,61000,52,40
38,1,1,3,2.5,20,20000,52,40
41,2,1,1,12,23,5876,52,16
28,1,1,2,12,10,9000,52,35
30,2,1,1,12,12,20000,52,40
45,2,1,3,12,27,1302,52,40
41,1,1,1,0,23,19344,52,40
38,1,1,2,16,16,40000,52,52
25,1,1,3,12,7,10000,52,40
43,2,2,1,14,23,43600,52,40
42,2,1,1,16,20,26000,52,35
30,2,1,3,16,8,32000,52,40
27,1,1,3,16,5,26000,52,50
51,1,1,2,14,31,27000,52,40
49,1,1,2,10,31,38000,52,40
50,2,1,1,12,32,6548,28,35
31,1,1,2,16,9,62000,52,42
44,1,1,1,16,22,100000,52,70
40,1,1,1,12,22,85000,52,45
50,1,1,1,18,26,50000,52,40
43,1,1,1,12,25,23000,52,40
44,2,1,1,18,20,5000,20,25
46,1,1,1,14,26,1400,8,40
47,2,1,1,12,29,14000,52,24
31,2,1,2,7.5,13,1100,26,7
46,1,1,1,12,28,160000,52,40
30,2,1,3,12,12,19656,52,40
30,2,1,1,14,10,30000,52,15
25,2,1,3,14,5,5500,52,16
39,2,1,1,16,17,120000,52,32
40,2,1,1,12,22,40000,52,40
51,1,1,3,18,27,404469,52,40
44,1,1,3,18,20,69000,52,40
36,2,1,1,16,14,47000,26,40
44,2,1,3,18,20,35000,52,40
42,2,1,1,16,20,42000,52,40
47,2,1,1,12,29,9000,48,13
28,1,1,3,14,8,59000,36,40
25,1,1,1,12,7,35000,52,40
38,2,1,1,16,16,23000,52,20
45,2,1,3,12,27,7000,28,30
40,1,1,1,16,18,100000,52,40
53,2,5,3,14,33,63000,52,44
44,2,1,2,16,22,50000,52,40
42,2,1,2,12,24,43000,52,40
25,1,2,1,12,7,15000,52,50
30,1,1,1,16,8,7200,8,35
46,2,1,1,14,26,17000,52,36
50,1,1,1,12,32,34000,48,40
39,1,1,1,12,21,65000,52,52
27,2,1,3,14,7,23000,52,40
32,1,1,1,16,10,19300,52,40
40,2,1,3,20,14,28000,48,40
29,2,2,3,14,9,28500,17,40
39,1,1,3,16,17,43500,52,40
54,1,1,1,14,34,78000,52,40
37,1,1,2,12,19,82000,52,65
34,1,1,1,16,12,55450,52,45
47,1,1,1,5.5,29,23000,52,40
25,1,2,1,16,3,27000,52,40
37,2,1,1,16,15,2100,52,40
51,1,1,1,16,29,36400,52,70
42,2,1,1,14,22,25000,52,45
28,1,1,1,12,10,18300,52,55
49,1,1,1,12,31,15840,52,40
26,1,1,2,18,2,52000,52,56
41,2,1,1,12,23,40000,52,45
47,2,1,3,14,27,16000,46,40
29,1,1,3,12,11,21594,50,40
43,2,1,3,12,25,9600,52,24
42,2,2,1,12,24,11000,52,20
34,2,4,1,16,12,34000,33,36
52,2,1,2,14,32,18937,52,48
47,1,2,3,12,29,13000,52,20
48,1,1,3,14,28,42000,52,40
53,1,1,3,14,33,32000,52,40
39,2,1,2,12,21,1000,52,8
29,1,1,3,18,5,32000,52,40
41,2,1,3,18,17,40000,24,32
41,2,1,3,14,21,31800,52,40
41,1,1,1,12,23,53000,52,50
42,2,2,3,10,24,10400,52,40
52,1,1,2,12,34,60000,52,40
30,1,1,1,14,10,32500,52,45
54,1,1,1,18,30,111000,52,40
32,1,1,1,18,8,3000,10,20
40,1,1,1,14,20,50000,52,50
44,2,1,1,14,24,38000,52,40
53,2,1,1,12,35,12000,52,30
40,2,1,3,14,20,400,5,13
35,1,1,2,12,17,40000,48,40
38,2,1,1,14,18,40000,52,55
45,2,1,1,16,23,90000,52,45
25,2,1,4,14,5,25000,52,40
34,2,1,2,12,16,74000,52,45
30,2,1,4,14,10,3000,25,20
46,1,1,4,12,28,78000,52,60
26,1,1,4,12,8,27000,52,40
44,2,2,3,7.5,26,28600,52,84
29,2,1,3,16,7,35000,40,40
41,2,1,1,18,17,49000,52,35
53,2,1,3,14,33,41881,52,42
26,1,1,4,12,8,46000,52,40
36,2,1,3,12,18,15000,52,40
32,2,1,4,12,14,16944,52,40
35,2,1,4,16,13,47000,48,45
51,1,1,1,12,33,40000,52,48
42,1,1,4,14,22,13000,48,48
45,1,1,1,12,27,53800,52,50
41,1,1,4,12,23,200000,52,50
37,1,1,3,16,15,21000,52,40
44,1,4,4,12,26,20000,52,40
41,2,1,2,14,21,36000,52,50
51,1,1,4,14,31,50000,52,60
44,2,1,1,18,20,26950,52,40
46,1,1,1,14,26,7200,16,40
29,1,1,4,14,9,36000,52,60
43,1,1,2,12,25,6700,47,35
35,2,1,1,16,13,20000,52,16
42,2,1,1,14,22,52000,52,55
44,1,1,4,5.5,26,26000,52,40
27,2,1,3,16,5,25000,52,50
46,1,5,2,12,28,26000,52,40
29,1,1,2,16,7,46500,52,40
26,1,1,1,16,4,30000,52,40
32,1,1,3,12,14,43000,52,50
44,1,1,2,12,26,27040,52,40
37,2,1,1,16,15,6000,49,12
35,2,1,3,10,17,15132,52,52
36,2,1,3,14,16,14007,52,53
54,1,1,4,16,32,50000,52,40
32,1,1,3,10,14,35000,52,35
36,1,1,4,12,18,30000,52,40
26,2,1,4,12,8,19700,52,40
26,2,1,2,12,8,24000,52,40
50,1,1,4,12,32,70000,52,50
28,2,3,3,12,10,38000,52,40
35,2,1,4,14,15,21000,40,35
39,2,1,4,12,21,51000,52,40
51,2,1,3,14,31,45000,52,60
36,2,1,2,16,14,35000,43,20
37,1,1,4,14,17,20000,49,40
51,2,1,2,14,31,32000,52,40
29,1,1,3,9,11,21600,52,40
40,1,1,4,9,22,18000,52,40
53,1,1,4,16,31,22000,52,40
44,1,1,4,16,22,60000,52,40
38,1,1,4,18,14,165000,46,60
45,1,2,2,18,21,33000,52,40
40,2,1,2,16,18,7000,25,25
38,2,1,4,12,20,15684,11,40
25,1,1,4,14,5,20000,52,40
35,2,1,4,14,15,7500,48,28
26,1,1,4,12,8,23000,52,40
32,2,1,4,18,8,24960,52,40
32,1,1,4,14,12,26000,52,40
35,2,1,4,14,15,10400,52,20
29,1,1,4,12,11,56000,52,42
50,2,1,4,14,30,62000,52,40
50,1,1,4,18,26,4500,18,40
38,2,1,4,12,20,79000,52,40
32,2,1,2,14,12,21600,35,40
28,1,4,2,16,6,9000,52,40
45,1,1,2,14,25,40000,52,40
52,2,1,4,18,28,55000,44,40
47,2,1,4,14,27,1000,30,4
32,1,5,2,12,14,35000,52,50
32,1,2,2,18,8,44200,52,45
54,2,1,3,14,34,16130,52,40
49,2,1,4,14,29,13000,26,32
30,2,1,4,16,8,1500,12,10
45,1,1,2,14,25,80000,52,40
32,1,5,3,14,12,23000,52,50
32,2,1,4,14,12,12000,52,40
25,1,1,2,14,5,22000,52,50
35,2,2,2,14,15,30000,52,40
49,1,1,4,12,31,15000,26,40
39,1,1,4,9,21,56500,50,40
49,2,1,4,5.5,31,9000,44,7
54,1,1,4,16,32,35000,52,40
32,1,1,2,14,12,56000,52,40
35,2,1,2,14,15,17000,42,36
47,1,1,4,14,27,40000,52,40
27,1,1,2,14,7,3440,43,10
42,1,1,3,9,24,4000,8,30
52,1,1,2,14,32,23400,52,40
46,1,1,4,12,28,86000,52,40
49,2,1,2,14,29,24000,52,32
30,2,1,2,16,8,31000,52,40
41,2,1,4,14,21,37000,52,40
41,2,1,2,18,17,13000,52,20
34,2,1,2,12,16,20000,52,40
48,1,1,3,12,30,76000,52,50
29,1,1,2,16,7,8000,10,40
39,2,1,3,16,17,41000,52,99
49,1,1,2,14,29,50000,50,40
39,2,1,2,14,19,19200,52,40
50,1,1,2,12,32,24000,50,40
49,1,1,2,12,31,22000,52,80
49,2,1,4,14,29,26000,52,99
53,2,1,2,14,33,61000,52,40
36,2,1,2,12,18,32900,52,40
31,1,1,2,16,9,45000,52,45
25,1,1,4,14,5,28000,52,40
33,1,2,2,14,13,9443,25,40
43,1,2,2,14,23,46000,52,44
38,1,1,2,16,16,90000,52,50
27,2,1,3,14,7,11000,45,40
41,2,1,2,14,21,35000,52,45
36,1,1,2,12,18,75000,52,45
44,1,1,3,12,26,32000,52,40
47,2,1,3,12,29,17980,52,40
42,2,1,2,12,24,90000,52,40
51,2,1,4,18,27,49000,52,40
30,1,1,4,14,10,15000,40,55
46,1,4,4,16,24,65000,52,36
39,2,1,4,12,21,70000,52,40
26,2,1,4,14,6,4620,24,40
47,1,1,4,12,29,40000,52,40
49,1,1,4,12,31,50000,52,40
53,2,1,2,12,35,35000,52,55
50,2,1,2,7.5,32,26702,52,40
45,1,1,4,20,19,27600,52,50
49,2,1,4,14,29,40000,52,40
25,2,1,2,16,3,29000,52,40
34,2,1,4,16,12,22000,46,30
44,1,1,4,16,22,163000,52,50
34,1,1,2,12,16,42000,52,45
51,1,2,2,14,31,40000,52,40
53,1,1,4,14,33,40000,52,50
29,2,1,4,14,9,4500,30,15
44,2,1,4,18,20,48000,52,40
39,1,1,2,14,19,92000,52,50
40,2,4,4,10,22,6000,52,30
31,1,1,4,18,7,48000,52,45
34,1,2,1,12,16,12000,30,40
51,2,1,1,11,33,37440,52,36
46,2,1,3,16,24,25000,52,40
32,2,1,2,14,12,29000,52,40
31,2,1,3,14,11,15000,52,25
50,2,1,3,20,24,8000,26,30
54,2,1,1,9,36,1680,4,40
26,1,1,3,5.5,8,8500,25,60
29,1,1,3,18,5,75000,52,40
35,2,1,3,12,17,20000,45,42
40,1,2,1,14,20,3000,17,40
54,2,1,1,12,36,30000,52,40
25,1,1,2,11,7,23000,35,40
48,1,1,1,12,30,25000,52,40
43,1,1,1,14,23,46000,52,40
31,1,1,3,14,11,36360,52,48
45,1,1,1,14,25,51350,52,40
33,2,1,3,16,11,108000,52,40
37,1,1,3,12,19,28000,52,40
47,2,1,1,12,29,9210,52,25
45,2,1,1,16,23,60000,52,40
36,2,1,1,14,16,23296,52,16
52,2,1,1,18,28,75000,52,35
46,1,1,1,14,26,87000,52,40
43,2,3,1,14,23,30000,52,38
35,2,1,1,14,15,15000,42,20
51,2,1,1,12,33,18000,40,35
44,2,1,1,14,24,13000,35,40
43,1,1,3,12,25,35000,52,52
37,2,1,2,12,19,3000,26,26
25,2,1,1,16,3,29000,52,50
45,2,1,1,14,25,7200,52,40
50,2,1,3,12,32,22000,52,35
25,1,1,3,12,7,50000,52,40
47,1,1,3,14,27,33000,52,45
40,2,1,3,14,20,14000,52,30
30,2,2,1,12,12,15000,52,40
40,1,1,1,14,20,40000,52,40
42,2,1,1,14,22,3600,40,4
41,1,1,1,14,21,35000,52,55
29,2,1,3,12,11,17000,52,40
50,2,1,1,12,32,8000,39,20
39,2,2,3,16,17,30000,52,20
38,1,1,3,14,18,30000,52,40
38,1,1,1,12,20,30000,52,40
31,1,1,1,14,11,75000,52,50
50,2,1,3,12,32,100000,52,30
31,1,1,1,12,13,24000,52,40
51,1,1,1,14,31,32000,52,40
30,2,1,1,16,8,32000,52,40
26,1,1,1,14,6,27000,52,40
54,1,1,1,16,32,78000,52,35
51,1,4,2,20,25,75000,52,60
33,1,2,2,14,13,43000,52,40
54,2,1,2,7.5,36,13000,52,35
46,2,1,1,12,28,80000,52,40
48,1,1,3,18,24,100000,52,48
27,1,1,3,12,9,35000,52,45
46,2,1,1,16,24,325,1,30
33,2,1,1,12,15,10000,52,12
41,1,1,3,14,21,60000,52,60
30,2,1,3,16,8,58000,52,55
53,1,1,3,20,27,75000,52,50
38,1,1,3,14,18,50000,52,40
40,2,1,3,12,22,30000,52,40
26,1,2,3,14,6,14000,43,60
30,1,1,3,14,10,45000,52,40
54,2,1,1,14,34,32000,52,38
40,2,1,1,16,18,1000,8,40
52,1,1,1,9,34,3000,25,20
45,1,1,1,12,27,35000,52,40
43,1,1,1,10,25,13000,52,40
25,1,1,1,14,5,32247,52,40
51,1,1,3,12,33,69000,52,40
42,2,1,1,12,24,50000,52,50
29,1,1,1,12,11,50000,52,50
32,1,2,3,12,14,700,5,40
47,2,1,1,12,29,25000,52,52
39,2,1,3,14,19,800,10,10
45,2,1,2,12,27,55000,52,40
53,1,5,1,18,29,14000,52,35
26,1,1,2,11,8,11000,52,40
47,2,1,1,12,29,22000,52,38
48,1,2,3,14,28,62000,52,40
49,2,1,3,14,29,20000,52,40
47,1,1,3,12,29,45000,52,40
41,1,1,1,12,23,44950,52,40
32,2,1,3,14,12,25000,52,40
27,1,1,2,12,9,20800,52,75
49,2,2,3,12,31,15000,52,40
51,2,1,2,12,33,35000,52,40
52,1,1,2,18,28,70000,52,40
34,2,1,1,14,14,14000,52,20
25,1,2,3,12,7,20000,52,40
38,1,1,2,14,18,60000,52,40
47,2,1,2,14,27,18000,52,40
49,1,1,1,12,31,70000,44,40
51,1,1,2,16,29,85000,52,40
46,2,5,1,18,22,32000,36,40
53,2,1,1,18,29,60000,42,40
41,2,1,1,16,19,6500,12,40
33,2,1,1,12,15,8200,52,25
29,1,5,2,12,11,29000,52,40
27,1,2,2,12,9,10000,25,40
46,2,1,2,12,28,8000,26,50
29,2,1,1,16,7,41000,40,40
35,2,1,3,12,17,5000,52,10
37,1,4,3,16,15,9600,16,40
40,2,1,1,12,22,18000,52,36
35,1,1,3,12,17,35000,52,40
39,1,1,1,16,17,50000,52,45
25,2,2,3,16,3,24000,52,99
25,1,2,3,14,5,8000,52,20
51,1,1,1,12,33,6000,24,35
49,2,1,4,2.5,31,6000,24,24
29,1,1,1,12,11,36000,52,60
40,1,2,4,16,18,51000,52,40
33,2,1,3,18,9,35400,52,40
26,2,1,4,11,8,11000,52,52
51,1,1,1,16,29,112000,50,40
52,1,1,1,16,30,51500,52,40
26,2,1,3,14,6,32000,52,40
49,2,1,4,18,25,1920,52,4
48,1,1,4,11,30,23000,52,40
35,1,1,2,16,13,14000,52,35
35,2,1,1,16,13,6750,45,10
32,1,1,2,14,12,20540,52,40
35,1,1,2,16,13,40000,36,40
37,1,1,1,16,15,10000,17,40
38,2,1,1,12,20,55000,52,35
35,1,1,4,18,11,404469,50,40
54,1,1,2,16,32,45000,52,40
48,1,1,3,16,26,78000,52,50
34,1,1,2,14,14,4200,42,20
30,1,1,1,12,12,30000,52,40
44,2,1,2,12,26,11500,30,50
49,2,1,2,11,31,26000,52,43
37,2,3,4,5.5,19,3080,48,40
30,1,1,4,2.5,12,19000,30,40
50,1,1,2,16,28,404469,52,40
50,1,1,1,16,28,35000,52,40
50,2,1,4,9,32,16000,52,25
42,1,1,4,2.5,24,28888,52,40
29,1,1,4,12,11,35000,52,40
47,2,1,3,16,25,17000,52,40
38,1,1,4,12,20,12000,26,40
44,1,1,3,2.5,26,53000,52,40
45,1,1,4,12,27,65000,48,50
46,2,1,3,12,28,12000,52,40
48,2,1,2,14,28,51000,52,50
26,1,1,2,11,8,49900,52,50
40,1,1,4,14,20,29000,52,40
27,1,1,4,12,9,15000,52,30
39,1,1,4,5.5,21,28000,52,40
48,2,1,4,5.5,30,18000,52,40
45,2,1,2,12,27,26000,52,40
39,1,1,2,14,19,120000,52,40
35,1,1,2,12,17,46000,52,40
30,1,2,3,12,12,24000,52,45
44,1,1,4,16,22,13000,20,40
48,2,1,3,12,30,25000,52,40
45,2,2,3,14,25,20000,52,40
42,2,1,4,16,20,50000,52,40
32,1,1,4,5.5,14,30000,52,40
47,1,1,4,14,27,45000,52,40
50,1,1,4,20,24,78000,52,40
34,1,1,4,14,14,31000,52,45
47,1,1,4,14,27,36000,52,40
31,2,1,4,18,7,127000,50,40
31,1,1,2,14,11,60000,52,30
41,2,1,2,11,23,16000,52,35
29,2,1,2,14,9,20000,52,40
43,1,1,2,12,25,30000,52,40
35,2,1,4,16,13,23500,52,40
35,1,4,4,14,15,45000,52,40
52,1,1,3,14,32,28500,52,70
50,2,1,2,12,32,18000,52,40
30,1,1,4,14,10,71000,52,40
48,1,1,3,16,26,60000,52,50
38,2,4,4,12,20,27500,49,40
31,1,1,4,16,9,19600,52,37
35,1,1,4,12,17,28000,52,40
27,1,1,2,14,7,48000,52,40
46,2,1,2,14,26,23500,52,40
47,2,1,2,14,27,40000,52,40
26,1,1,2,12,8,1360,16,16
46,2,1,4,5.5,28,2600,52,8
42,1,1,4,12,24,18500,52,40
44,2,1,4,14,24,21000,25,20
47,2,1,2,16,25,30000,42,50
52,2,1,2,12,34,15000,52,50
39,1,5,2,14,19,21700,52,40
44,1,3,4,7.5,26,20500,52,40
30,2,1,3,12,12,1900,19,20
32,1,4,4,20,6,150000,52,40
46,1,1,2,18,22,35500,52,55
37,1,1,2,16,15,34000,52,50
34,2,2,3,16,12,23400,52,40
25,2,1,4,14,5,30000,52,40
45,2,1,3,14,25,4500,40,24
52,2,1,3,16,30,30000,52,40
45,1,1,4,16,23,152392,52,45
45,1,1,3,14,25,58000,52,40
54,1,1,2,12,36,50000,52,40
53,1,1,2,9,35,26000,52,60
33,1,1,4,12,15,22000,52,60
34,1,1,2,16,12,50000,52,40
45,2,4,4,16,23,40000,52,40
50,2,4,4,16,28,21900,52,40
34,1,1,3,11,16,15000,50,40
35,1,1,2,12,17,29000,52,40
51,2,1,3,14,31,51000,52,40
44,1,1,2,12,26,33000,52,40
54,1,1,4,16,32,404469,52,60
45,1,2,3,14,25,80000,52,40
42,1,1,4,12,24,19152,8,48
52,2,1,2,12,34,18200,52,40
30,1,1,2,16,8,27400,52,60
45,2,1,2,10,27,50000,52,40
47,1,1,4,9,29,24000,52,40
52,1,1,2,18,28,100000,52,60
29,1,1,2,16,7,40000,52,47
45,2,1,4,14,25,30000,52,40
32,2,1,3,18,8,41000,52,40
33,2,1,4,14,13,11365,52,40
48,2,4,4,18,24,30000,52,20
49,1,1,4,18,25,65000,52,30
39,1,4,4,12,21,6000,26,20
40,1,1,2,16,18,85000,52,60
38,2,1,2,16,16,37000,52,40
40,1,1,4,14,20,37500,52,40
33,1,1,4,12,15,19000,52,65
25,2,1,4,12,7,19000,52,40
42,2,1,2,12,24,10000,52,35
51,1,1,3,7.5,33,70910,52,70
48,2,1,3,9,30,30000,52,40
52,2,4,4,14,32,10000,52,40
34,2,1,4,14,14,25000,52,10
28,1,1,2,14,8,74000,52,65
30,2,1,4,18,6,40000,52,40
30,2,1,2,16,8,7630,52,20
33,1,1,1,14,13,65000,52,40
37,1,1,3,12,19,8000,32,45
42,2,1,3,12,24,11000,52,40
48,2,1,2,14,28,38000,52,40
25,2,1,3,12,7,22000,52,25
45,2,1,1,14,25,8000,52,35
47,2,2,3,16,25,55000,52,40
35,1,1,3,16,13,81000,49,40
42,1,1,1,14,22,75000,52,40
39,1,1,1,12,21,23400,52,40
53,2,1,1,12,35,26000,52,40
28,2,1,1,12,10,25000,52,30
51,2,2,3,10,33,16000,52,40
34,2,2,3,14,14,31000,52,40
26,1,2,3,12,8,20000,52,40
54,2,1,1,18,30,63000,52,80
52,2,1,3,16,30,27500,52,40
29,2,1,3,14,9,11800,52,30
36,2,1,3,12,18,15600,52,40
43,1,4,1,16,21,50000,52,40
36,1,1,1,16,14,150000,52,50
46,2,1,1,12,28,13970,39,40
35,1,1,3,12,17,35000,52,40
30,1,4,2,12,12,17000,52,50
31,2,1,3,12,13,2800,10,25
54,2,1,3,12,36,14200,52,60
48,1,1,2,14,28,34000,51,40
48,1,1,2,14,28,37000,52,44
47,2,1,2,12,29,52000,50,70
47,2,1,2,14,27,60000,52,60
26,1,2,2,10,8,33000,52,40
26,1,1,2,11,8,35000,52,40
27,1,1,3,10,9,32000,52,40
43,1,2,3,11,25,13260,52,40
27,2,1,1,18,3,40000,52,40
45,1,1,3,12,27,43664,52,40
44,2,1,3,14,24,48000,52,40
27,1,1,2,16,5,50000,52,50
48,2,1,3,16,26,300,52,40
32,1,1,3,16,10,38000,52,45
36,2,1,3,12,18,7500,52,40
45,1,1,1,12,27,40000,52,40
54,2,1,2,12,36,28000,52,44
25,2,1,1,16,3,43000,52,40
44,2,1,2,12,26,10000,52,36
32,1,1,1,12,14,31000,52,40
45,1,1,3,16,23,18000,52,50
30,2,1,3,14,10,18000,52,41
51,1,1,1,18,27,59000,52,43
37,1,1,3,12,19,44000,52,40
47,2,1,1,14,27,39000,52,40
50,1,1,3,14,30,55000,52,40
40,2,1,3,14,20,50000,52,40
29,2,2,3,12,11,33000,52,40
45,2,1,2,11,27,20800,52,40
27,1,1,3,12,9,17000,52,40
46,2,2,3,10,28,16640,52,40
38,1,1,1,18,14,404469,52,50
37,1,1,1,14,17,62000,52,40
45,1,1,1,18,21,404469,52,60
38,1,4,1,12,20,10000,28,45
49,2,1,2,14,29,10000,52,35
27,2,1,1,11,9,25000,52,50
29,1,1,3,12,11,75000,52,40
51,2,1,2,18,27,65000,52,40
44,1,1,3,14,24,58100,42,40
42,2,2,1,14,22,31000,52,40
30,2,1,2,12,12,16000,40,25
43,1,1,1,16,21,150000,52,55
25,2,2,1,14,5,30000,30,60
34,2,2,1,18,10,47000,52,40
52,2,2,2,14,32,21000,52,32
28,1,1,1,12,10,29000,52,40
43,1,1,2,14,23,23700,25,40
53,1,1,2,20,27,73000,50,50
42,1,1,4,5.5,24,36000,52,40
29,1,4,2,12,11,26000,52,40
48,1,1,1,16,26,200000,52,60
44,2,1,1,12,26,29000,52,44
48,2,2,1,12,30,22400,52,40
41,1,1,4,11,23,7000,28,40
43,2,3,1,7.5,25,40000,49,72
25,1,2,3,12,7,40000,52,40
46,2,1,2,12,28,10000,30,30
31,1,2,4,14,11,35000,52,40
46,2,1,4,12,28,12000,52,32
36,2,1,2,5.5,18,15000,52,40
42,1,3,4,12,24,15000,52,40
29,1,1,4,9,11,20000,52,40
41,1,1,3,11,23,36000,52,40
34,1,1,4,12,16,41600,52,40
26,1,1,4,14,6,35000,52,40
52,2,1,4,14,32,45000,52,40
44,2,1,4,12,26,3000,12,40
29,2,1,2,14,9,37000,52,40
51,2,1,2,16,29,5200,40,36
45,1,1,2,12,27,53000,52,40
52,2,1,3,16,30,32000,52,57
51,2,1,4,12,33,14000,52,40
43,2,1,4,14,23,28000,52,40
28,1,5,4,12,10,22000,52,40
33,1,1,4,5.5,15,4000,20,31
42,1,1,2,14,22,43264,52,45
39,2,1,2,14,19,38000,52,36
43,2,1,4,12,25,16000,52,40
53,2,1,4,14,33,9000,12,24
47,1,1,4,18,23,200000,52,55
53,2,1,2,14,33,167710,52,40
37,2,1,2,12,19,13200,52,36
25,1,1,4,12,7,35000,52,40
29,1,1,4,20,3,18500,26,70
41,2,5,4,12,23,50000,52,32
48,1,4,4,12,30,62000,52,40
48,1,1,2,14,28,50000,52,45
38,2,1,4,12,20,8200,39,32
25,1,1,4,12,7,22000,52,40
29,2,4,4,12,11,26400,52,40
43,1,2,4,12,25,26000,52,40
44,1,1,3,16,22,5300,48,40
29,2,1,4,14,9,9000,30,40
52,1,1,4,16,30,74000,52,50
37,1,1,2,14,17,51000,52,40
42,1,1,2,14,22,28000,52,40
34,1,1,2,14,14,50000,52,70
29,1,1,2,14,9,12000,52,60
29,2,1,2,16,7,51000,52,40
54,1,1,2,16,32,40000,52,40
30,2,1,4,14,10,3000,52,4
25,1,1,2,16,3,45000,52,45
49,1,1,2,14,29,82000,52,40
49,1,1,2,12,31,84000,52,40
54,2,1,2,16,32,20400,46,35
31,1,1,3,14,11,36400,52,50
45,1,1,4,14,25,150000,52,60
34,2,2,4,12,16,12000,34,40
43,2,1,2,14,23,10600,52,20
26,1,1,4,12,8,47000,45,48
44,2,1,4,12,26,20090,52,40
39,2,1,4,12,21,8424,39,32
35,2,1,2,14,15,60000,52,50
45,2,1,2,14,25,50000,52,40
35,2,1,3,16,13,400,17,9
50,1,1,4,12,32,25760,46,40
27,1,1,3,9,9,36000,52,40
48,2,1,3,14,28,17000,52,40
45,1,1,4,12,27,35000,52,40
47,2,1,2,16,25,60000,52,40
35,2,1,4,14,15,16000,52,40
46,1,1,4,14,26,50000,52,30
50,2,5,4,14,30,11148,20,40
36,1,1,2,12,18,20000,52,40
49,1,1,2,12,31,9800,52,40
33,1,1,2,12,15,18000,52,39
33,2,1,3,11,15,8280,52,26
37,1,1,4,12,19,26000,52,40
28,1,1,4,14,8,15000,52,40
43,1,1,4,12,25,46000,52,40
48,1,1,4,16,26,29300,52,60
43,2,1,4,14,23,40000,52,55
30,1,1,2,18,6,8000,12,40
36,2,1,4,12,18,35000,52,45
39,1,1,4,18,15,60000,52,35
25,1,1,4,16,3,7000,36,40
50,2,1,4,16,28,65000,52,40
38,2,1,4,12,20,31000,52,37
46,2,1,2,12,28,35000,52,35
28,2,2,2,14,8,12500,52,36
39,2,1,3,12,21,8000,30,40
28,2,1,3,12,10,25000,52,40
43,2,1,2,16,21,29000,52,40
52,2,1,3,14,32,21000,52,45
28,2,1,4,12,10,5000,52,8
39,2,1,4,16,17,43000,32,36
48,1,1,4,12,30,30000,52,40
39,2,1,4,16,17,43000,52,45
28,2,2,1,12,10,11700,52,40
38,2,1,1,16,16,12200,52,22
35,1,2,4,14,15,45000,52,45
27,2,1,2,5.5,9,22000,51,40
38,1,1,2,5.5,20,25000,52,40
26,2,1,4,12,8,40000,52,40
37,1,1,4,12,19,36000,52,40
45,2,1,3,7.5,27,15000,52,40
28,2,1,4,10,10,9500,39,40
33,1,1,3,14,13,47500,52,50
33,2,1,2,5.5,15,9000,52,35
43,2,2,1,14,23,33000,52,40
32,1,3,4,14,12,17800,51,36
44,2,1,3,16,22,55000,52,50
44,2,1,4,14,24,20000,52,32
31,2,4,4,12,13,48000,52,40
30,2,1,3,12,12,29172,52,40
35,1,1,4,16,13,30000,38,43
42,2,1,2,14,22,6000,24,12
37,1,1,2,12,19,36088,52,40
54,1,4,2,12,36,90000,52,40
52,2,1,3,12,34,12000,52,40
54,1,1,2,12,36,28000,52,52
25,1,1,1,16,3,22000,52,40
47,1,4,1,16,25,120000,52,50
45,2,1,1,14,25,40000,52,35
52,2,1,1,16,30,48500,52,40
48,1,1,3,18,24,404469,52,50
41,1,1,4,12,23,29600,52,40
41,2,1,4,14,21,16000,52,12
40,2,1,3,14,20,11980,52,30
25,1,1,1,12,7,18000,34,40
34,2,1,3,16,12,40000,52,40
50,1,1,3,18,26,90000,52,45
53,2,2,4,14,33,21005,50,40
46,1,1,1,14,26,45000,52,85
43,2,1,3,16,21,12000,52,40
35,2,1,1,18,11,10000,10,40
35,1,1,1,16,13,100000,52,40
50,1,1,2,14,30,48000,52,40
48,2,1,2,16,26,70000,52,50
46,1,1,3,11,28,18000,52,28
28,2,1,3,18,4,28000,52,45
54,2,2,1,10,36,12376,52,35
42,2,1,4,12,24,24000,52,30
41,1,1,4,10,23,36000,52,40
47,1,1,4,12,29,44000,52,60
33,1,1,4,16,11,58000,52,50
53,1,1,2,14,33,36000,52,40
25,2,1,1,12,7,4000,14,40
32,1,1,3,10,14,18000,52,40
42,1,1,3,14,22,34000,52,40
31,2,4,3,18,7,80000,52,50
36,2,1,3,12,18,13000,39,50
30,1,1,4,12,12,30000,52,40
51,1,1,4,12,33,25000,52,40
42,1,1,4,20,16,42989,52,40
51,1,1,4,16,29,75000,48,40
29,2,1,4,16,7,19153,52,38
53,2,1,3,12,35,18000,52,40
45,2,1,2,16,23,3000,20,5
42,1,1,2,12,24,60000,52,40
51,2,2,1,12,33,47000,52,40
38,1,2,1,16,16,62000,52,40
46,2,1,3,10,28,18000,52,40
49,2,1,2,16,27,28800,49,40
51,1,1,3,12,33,40000,52,50
30,1,1,1,12,12,45000,52,50
27,1,1,3,11,9,45000,52,40
49,1,1,3,12,31,20000,52,40
35,2,1,2,14,15,29000,52,40
44,1,1,3,12,26,45000,52,60
50,2,1,2,12,32,34000,52,40
50,1,1,3,12,32,28500,52,40
43,1,1,3,14,23,48000,52,50
36,2,1,3,16,14,32000,52,40
44,2,1,2,16,22,8000,39,35
33,2,2,2,18,9,67000,52,38
44,2,1,3,16,22,40000,52,40
45,1,1,1,18,21,404469,52,60
49,2,1,1,12,31,27000,52,37
50,1,1,2,14,30,50000,52,60
33,2,2,1,10,15,15000,52,40
51,2,1,3,12,33,18000,52,40
45,2,2,3,12,27,14000,40,30
49,1,1,3,16,27,52000,52,40
49,2,1,3,16,27,3000,52,12
53,1,1,1,12,35,22000,52,40
26,2,1,1,16,4,29000,52,40
53,1,1,3,18,29,404469,52,70
44,2,1,2,9,26,30887,52,40
46,1,1,2,16,24,37000,42,40
31,2,1,1,16,9,28500,52,40
27,1,2,3,12,9,12000,52,40
54,2,1,3,18,30,30000,52,40
35,2,1,3,16,13,65000,52,30
43,1,1,4,10,25,16640,52,40
36,1,1,4,12,18,35000,52,40
54,1,2,1,16,32,65000,52,40
37,1,1,1,12,19,32000,52,40
40,1,1,4,14,20,5000,52,40
34,2,5,4,14,14,10000,52,20
47,2,1,4,14,27,24000,52,38
34,1,1,1,14,14,65000,52,40
46,2,3,4,14,26,4800,13,30
50,2,2,3,12,32,16000,52,40
45,1,1,2,16,23,39000,52,55
50,1,1,1,12,32,48000,52,55
33,2,1,2,14,13,45000,52,40
49,1,2,1,16,27,73000,52,60
32,2,1,1,10,14,36200,52,40
54,2,1,2,12,36,10770,52,32
39,1,1,3,14,19,60000,52,40
54,2,1,3,14,34,37800,52,40
36,2,1,1,14,16,65000,52,40
46,1,1,1,14,26,29000,52,45
26,2,2,3,12,8,20000,52,40
48,1,1,3,14,28,45084,52,40
34,2,1,3,14,14,34000,52,40
50,2,1,1,16,28,2700,17,40
49,1,1,4,12,31,50000,28,50
54,2,1,3,18,30,39000,52,40
45,1,2,3,18,21,46000,52,83
29,1,1,1,12,11,23000,52,40
47,1,2,3,12,29,38000,52,42
31,2,1,1,16,9,9000,30,40
26,1,1,3,16,4,33600,52,40
32,1,1,2,18,8,16000,52,10
35,2,1,2,12,17,8000,24,40
39,1,1,3,18,15,25039,52,40
52,1,1,1,20,26,45000,52,50
38,2,1,1,18,14,23500,52,30
34,1,1,4,12,16,14650,52,40
41,2,1,3,12,23,10000,40,25
45,2,1,4,12,27,6000,52,20
40,2,3,3,12,22,14000,52,40
43,2,1,4,2.5,25,15000,52,40
35,2,1,4,5.5,17,10800,49,35
48,1,1,4,12,30,200000,52,60
31,2,1,1,14,11,63049,52,40
52,2,1,4,12,34,50000,52,50
49,2,1,3,9,31,21840,52,40
33,2,1,2,16,11,65000,52,40
26,1,1,2,12,8,10500,52,40
32,2,1,3,16,10,30000,52,45
44,1,1,4,16,22,74000,52,50
25,2,1,3,14,5,40000,52,40
29,1,4,3,16,7,51000,52,40
25,2,1,3,9,7,5100,34,26
50,2,1,4,16,28,20000,52,40
26,2,1,4,12,8,49900,52,40
47,1,1,2,12,29,40000,52,60
26,1,1,2,14,6,12500,20,43
47,1,1,2,12,29,37000,52,40
32,2,4,1,18,8,45000,52,40
44,1,1,3,14,24,40000,52,50
43,1,1,4,12,25,5500,52,20
30,1,4,4,16,8,100000,52,43
54,1,1,4,14,34,40000,52,40
39,2,1,4,12,21,15000,52,40
25,2,1,4,12,7,24960,52,40
26,1,1,4,10,8,21000,52,40
36,1,1,4,12,18,20000,40,35
51,2,1,4,18,27,24000,45,45
45,1,2,3,12,27,28700,52,40
37,2,1,2,16,15,25000,52,35
30,1,1,1,12,12,25000,52,40
42,1,1,2,20,16,164988,52,50
41,2,1,1,16,19,84000,52,60
46,2,1,4,18,22,150000,52,43
37,2,1,4,14,17,55000,52,40
52,2,1,2,16,30,16000,26,30
50,1,1,2,12,32,34000,52,45
33,2,2,2,12,15,10000,52,40
42,1,1,4,18,18,43000,52,40
53,1,1,2,14,33,75000,52,55
37,1,2,2,18,13,39000,43,40
33,2,1,4,14,13,45000,52,40
49,1,1,4,12,31,35000,52,40
49,2,1,2,12,31,25000,40,40
43,2,1,2,14,23,12000,52,40
53,1,1,3,16,31,61000,52,50
44,2,4,4,14,24,40000,46,44
30,1,1,2,9,12,7000,44,30
41,2,1,2,12,23,24000,52,40
38,1,1,3,14,18,55000,52,40
28,1,1,2,16,6,26000,52,40
47,1,1,3,16,25,80000,52,40
35,1,1,3,12,17,13800,40,40
52,1,1,3,16,30,61000,52,40
42,1,4,4,7.5,24,20000,40,32
38,1,1,4,11,20,38000,52,40
53,2,1,1,14,33,43000,52,40
49,1,1,3,16,27,150000,52,40
42,2,3,4,14,22,54000,52,38
44,2,1,1,12,26,43000,52,45
53,1,1,2,14,33,52000,52,40
31,1,4,1,16,9,55000,52,40
45,1,1,3,12,27,38000,52,40
51,2,2,2,16,29,16000,14,10
36,1,1,2,12,18,26000,52,40
46,2,1,2,10,28,17000,52,40
36,2,1,3,16,14,17000,36,38
50,1,1,3,14,30,25000,52,40
40,2,1,3,12,22,30000,52,45
32,1,1,1,14,12,28000,52,60
31,1,1,1,14,11,24000,52,40
41,2,1,1,14,21,7000,26,40
26,2,1,2,14,6,18000,52,40
34,1,1,1,14,14,95000,52,45
47,2,4,3,18,23,20000,52,40
34,2,1,3,16,12,100000,52,40
28,1,1,1,12,10,30000,52,40
27,2,2,3,12,9,15000,52,40
27,2,1,3,16,5,20000,26,8
25,2,1,1,12,7,22000,52,55
44,1,1,3,12,26,70000,52,40
40,2,1,3,14,20,51000,52,40
47,1,1,1,14,27,40000,52,40
34,1,1,1,14,14,25000,52,40
47,2,1,1,14,27,21002,52,40
41,1,1,2,14,21,5200,11,55
44,1,1,3,16,22,125000,52,50
51,1,2,3,16,29,50000,52,40
26,2,1,3,7.5,8,14000,52,40
40,2,4,3,16,18,18000,52,40
38,1,2,3,12,20,28700,52,40
28,1,3,3,5.5,10,18000,52,35
43,2,1,2,14,23,15000,52,26
44,1,1,2,14,24,40000,40,40
53,2,1,1,12,35,10000,52,40
40,1,2,1,12,22,39000,52,40
51,2,2,3,14,31,28000,52,40
33,1,1,3,14,13,38000,52,45
48,1,1,3,16,26,103000,52,40
47,2,1,3,12,29,9760,52,40
46,1,1,3,12,28,22000,52,40
37,1,1,1,12,19,52000,52,40
35,1,1,3,12,17,45000,52,40
46,1,1,3,18,22,150000,52,40
41,1,1,3,12,23,45000,52,40
52,1,2,3,14,32,60000,52,90
38,2,2,3,16,16,23000,52,25
51,1,1,2,18,27,36000,52,70
44,1,2,3,11,26,19000,52,40
42,1,1,3,16,20,44500,52,60
50,1,1,3,14,30,32500,52,40
45,2,1,1,2.5,27,25000,52,40
25,2,2,2,14,5,2500,16,15
52,2,1,1,12,34,45000,52,40
54,1,1,3,14,34,54876,52,40
43,2,2,1,5.5,25,7800,52,40
34,2,1,1,12,16,22000,52,40
33,1,1,1,18,9,168000,52,50
31,1,4,1,16,9,65000,52,40
33,1,2,1,14,13,25000,52,40
54,2,2,3,18,30,28000,52,40
52,1,1,3,12,34,28000,51,40
34,2,1,3,18,10,42000,52,40
34,1,1,2,12,16,96500,52,40
30,2,1,1,16,8,44000,52,40
26,2,1,3,12,8,20000,52,35
37,1,1,3,2.5,19,40000,52,40
53,2,1,3,16,31,92000,52,40
29,2,1,1,16,7,55000,52,52
36,2,1,1,11,18,20000,52,40
31,1,1,1,14,11,50000,52,40
47,2,1,2,16,25,35000,52,60
37,2,1,3,5.5,19,12000,52,30
39,1,1,3,12,21,25000,52,40
33,1,1,1,16,11,42000,52,40
35,1,1,3,18,11,6000,12,40
46,1,1,3,18,22,40000,52,50
36,2,4,1,16,14,40000,52,38
36,1,4,1,16,14,80000,52,55
27,1,1,1,12,9,35000,52,40
31,1,1,3,12,13,21000,52,40
38,1,1,3,18,14,80000,52,80
34,1,2,3,18,10,55000,39,50
44,2,1,1,16,22,8970,40,18
45,1,1,1,14,25,70000,52,40
46,2,1,3,12,28,8000,52,30
46,2,1,1,12,28,22000,52,40
50,1,1,3,14,30,63000,52,40
26,2,1,2,12,8,29000,52,40
48,2,1,1,12,30,35000,52,60
30,2,1,3,12,12,12000,40,40
25,2,1,2,12,7,28000,52,35
38,2,1,3,5.5,20,6500,52,25
47,2,5,4,16,25,19800,52,40
50,1,1,4,12,32,68000,52,46
47,1,1,4,14,27,40000,52,40
27,1,1,3,14,7,31000,52,40
30,2,1,3,14,10,16000,40,40
31,1,1,3,12,13,24500,52,40
51,1,1,4,16,29,80000,50,50
41,2,1,4,16,19,56160,52,40
35,1,1,3,16,13,35000,52,40
31,1,4,4,12,13,20000,52,40
49,1,1,4,14,29,54250,52,40
34,2,1,2,12,16,30000,52,35
36,2,1,3,16,14,9000,28,40
32,2,1,4,18,8,25000,38,40
31,2,1,4,12,13,30000,52,40
31,1,1,4,12,13,42000,52,60
42,1,1,2,14,22,53000,52,40
43,1,1,2,12,25,30000,52,60
53,2,1,3,14,33,31200,52,40
34,2,1,4,16,12,40000,52,40
26,1,1,4,14,6,45000,52,50
41,2,5,4,14,21,18500,52,40
46,1,4,4,14,26,75000,52,40
34,1,1,4,12,16,18000,52,40
53,1,1,3,16,31,5500,20,15
46,2,1,2,18,22,14000,48,40
38,1,1,4,12,20,43000,52,45
29,2,1,3,16,7,22415,52,40
36,1,1,3,5.5,18,54000,52,60
30,1,1,3,18,6,35925,52,50
51,2,2,4,14,31,28000,52,40
36,2,1,4,16,14,42000,52,50
38,2,1,2,12,20,40000,52,40
29,1,1,4,12,11,23000,52,50
32,2,1,4,16,10,28000,52,40
37,1,1,3,16,15,95000,52,55
45,1,1,3,12,27,34000,52,40
43,1,3,4,14,23,40000,52,40
28,1,1,2,11,10,30000,52,40
45,1,1,4,20,19,130000,52,40
25,2,1,2,16,3,25000,40,40
50,2,1,3,12,32,15000,52,15
48,2,1,2,12,30,23000,52,38
32,1,1,2,12,14,58000,52,40
41,1,1,4,16,19,120000,52,65
44,2,1,4,16,22,41000,52,40
25,1,4,4,12,7,9180,35,40
25,2,1,2,12,7,5600,52,20
40,2,1,3,14,20,40000,52,40
25,1,4,1,14,5,15000,52,15
44,2,1,1,9,26,23400,52,40
51,2,1,1,16,29,1800,17,25
49,1,5,3,16,27,22000,52,65
30,2,1,3,12,12,21000,52,40
45,1,1,3,12,27,20000,52,40
47,2,1,3,12,29,58000,52,40
41,2,2,1,12,23,1800,12,20
43,2,1,1,16,21,35000,52,40
43,1,1,1,12,25,23400,52,40
38,2,4,3,16,16,80000,52,40
47,2,2,3,14,27,35000,52,40
29,1,1,1,16,7,57000,52,45
48,1,2,3,11,30,7000,49,40
51,1,5,1,14,31,9100,36,40
29,2,2,3,12,11,12480,52,40
41,2,1,1,16,19,50000,52,40
45,2,1,1,14,25,76000,40,40
53,2,1,3,14,33,65000,52,52
27,2,1,3,16,5,10780,52,40
29,2,1,1,14,9,48000,52,40
29,1,1,2,12,11,62400,52,40
40,1,1,1,7.5,22,15000,52,50
51,1,1,1,18,27,97000,52,40
50,2,1,3,18,26,50000,52,40
49,1,1,3,14,29,26000,52,40
28,1,1,1,10,10,119988,52,50
51,1,1,3,16,29,60000,52,40
48,1,1,1,16,26,105000,52,50
37,1,1,1,12,19,50000,40,40
31,1,1,1,16,9,45000,52,40
53,1,1,3,16,31,122000,52,45
37,2,1,3,12,19,15000,44,40
38,2,1,1,16,16,80000,52,50
35,1,1,3,12,17,35000,52,40
40,2,1,3,18,16,42000,52,40
33,2,2,3,14,13,25000,52,40
44,2,1,3,20,18,40000,52,40
36,1,1,1,12,18,32500,52,40
53,1,1,1,14,33,6200,2,60
46,1,1,1,16,24,35000,52,40
39,1,1,3,10,21,5913,20,40
46,1,1,3,5.5,28,20000,52,40
32,2,1,3,11,14,10000,45,40
37,1,1,4,5.5,19,25000,52,40
29,1,1,4,12,11,38500,52,48
25,1,1,4,0,7,14400,52,40
45,1,1,4,12,27,60000,52,60
39,2,1,4,12,21,32000,52,40
46,2,1,4,14,26,51000,52,40
42,2,1,4,7.5,24,13000,52,30
31,1,1,2,12,13,50000,52,40
41,2,1,2,14,21,44000,52,45
25,1,1,2,16,3,60000,52,45
30,2,1,3,12,12,15600,52,40
41,2,2,3,12,23,5000,52,40
45,1,1,4,12,27,55000,52,48
49,2,1,2,14,29,16000,52,40
50,1,1,2,18,26,19000,52,70
45,1,1,3,14,25,32500,52,40
36,1,1,4,14,16,40000,52,40
34,1,1,2,16,12,45000,52,40
26,1,1,4,16,4,24000,52,40
28,1,1,4,12,10,21000,52,40
46,2,1,4,16,24,32000,52,40
44,1,1,4,14,24,43000,52,40
44,1,3,3,12,26,39000,52,40
42,1,2,3,16,20,34000,52,40
38,1,1,2,12,20,33000,52,55
53,2,1,4,16,31,19000,52,40
45,1,1,3,14,25,50000,52,45
46,2,1,3,14,26,2100,25,6
33,1,1,4,12,15,25000,52,40
51,2,1,3,14,31,32000,52,40
25,2,1,4,11,7,4000,52,30
40,2,2,3,20,14,142000,52,40
42,1,1,2,14,22,404469,52,55
25,1,1,4,12,7,39000,52,50
50,2,1,2,18,26,16000,52,40
28,2,1,2,14,8,62000,52,40
42,1,1,2,14,22,59000,52,40
39,1,1,4,14,19,24000,52,40
45,1,1,3,12,27,38000,52,45
50,2,1,4,18,26,37000,52,40
26,1,1,4,16,4,40000,52,37
28,2,1,4,14,8,13000,52,40
43,2,2,2,18,19,35000,52,40
43,2,1,3,12,25,30000,52,40
31,2,1,4,16,9,82000,30,20
43,2,5,4,12,25,26000,52,40
42,2,1,4,14,22,29000,52,40
45,2,1,3,18,21,39000,52,40
46,1,1,4,14,26,32000,52,40
38,1,1,3,12,20,25000,40,40
30,1,1,2,16,8,36000,52,40
26,2,1,4,10,8,7000,30,35
43,1,1,2,14,23,75000,52,30
42,1,1,2,11,24,24000,46,40
29,1,1,2,16,7,29000,52,50
41,2,1,2,14,21,44000,52,40
43,2,1,2,16,21,390847,52,40
54,2,1,2,16,32,12500,52,25
32,2,1,2,16,10,29000,52,45
36,1,1,2,16,14,55000,52,45
29,2,1,2,12,11,20000,52,40
46,1,1,4,14,26,40000,52,40
45,2,1,3,12,27,25000,52,35
34,1,1,3,16,12,70000,52,40
48,1,1,1,18,24,427646,52,50
43,1,1,3,14,23,42000,52,40
37,2,1,3,12,19,9000,52,35
40,2,2,3,16,18,8000,30,40
31,1,1,2,14,11,39000,51,40
51,2,1,1,18,27,75000,52,40
36,2,2,1,16,14,75000,52,40
54,2,2,1,12,36,20889,40,32
47,1,1,1,20,21,58000,52,58
31,2,1,3,18,7,9000,26,40
50,2,1,3,18,26,35000,52,38
35,2,1,3,18,11,20000,52,40
30,2,1,1,12,12,30000,52,30
35,1,1,1,18,11,90000,52,50
44,2,2,3,12,26,48000,52,40
46,1,2,3,16,24,35000,52,40
26,1,1,1,14,6,15000,52,40
41,1,1,1,14,21,45000,52,50
45,1,1,2,14,25,17000,46,65
31,1,2,3,12,13,17000,52,52
31,1,1,3,14,11,20400,52,50
42,2,1,1,12,24,68000,52,40
42,2,2,1,18,18,100000,52,40
43,1,2,2,11,25,79000,52,40
41,2,1,1,12,23,38000,52,40
44,2,1,1,14,24,7600,42,10
51,2,2,1,14,31,40000,52,45
43,1,1,2,14,23,85000,52,60
38,1,1,1,14,18,34000,52,40
27,2,2,3,14,7,2000,30,15
49,1,1,1,14,29,35000,52,40
30,1,1,3,12,12,16000,52,30
45,2,1,3,14,25,28000,52,45
41,2,1,1,12,23,19000,52,35
43,2,2,1,12,25,48000,52,45
40,2,1,1,12,22,15000,36,40
37,2,1,1,9,19,20000,52,40
26,2,1,1,16,4,28500,52,40
33,1,2,3,14,13,23000,52,40
42,2,2,3,12,24,20400,52,40
43,1,1,3,12,25,23920,52,60
46,1,1,1,14,26,24000,52,55
37,2,2,3,12,19,24000,52,40
45,2,1,3,14,25,60000,52,45
53,1,1,1,12,35,30000,52,40
43,2,1,3,12,25,20100,52,45
25,2,1,1,14,5,18480,33,40
37,1,1,1,14,17,62000,52,40
39,1,1,3,14,19,60000,52,40
47,2,5,2,12,29,13000,52,33
27,1,1,4,10,9,24000,52,40
45,1,1,4,9,27,35000,52,40
47,1,1,4,14,27,35000,52,40
32,1,1,3,14,12,36000,21,40
46,2,1,2,12,28,11000,52,35
26,2,1,4,14,6,12480,52,40
47,2,1,2,12,29,16000,52,34
39,1,2,2,12,21,35000,52,40
25,1,1,2,14,5,34500,52,64
44,1,1,2,12,26,14000,52,40
35,2,1,4,12,17,50416,48,40
41,1,1,4,12,23,27000,52,40
28,2,1,3,12,10,4600,16,40
37,1,3,4,14,17,720,52,20
47,1,1,2,14,27,26000,52,40
36,1,1,4,14,16,22537,52,40
29,1,1,4,14,9,62000,52,40
26,2,2,3,16,4,20400,52,40
54,2,1,2,12,36,80000,52,50
33,1,1,3,14,13,30000,52,40
39,2,1,3,11,21,31086,52,40
28,2,2,3,16,6,29577,52,40
43,2,1,4,12,25,20000,52,25
28,2,1,2,14,8,30000,52,40
49,2,1,3,16,27,50000,52,40
36,2,1,2,12,18,22000,52,40
26,1,1,2,14,6,30000,52,35
43,1,1,3,14,23,45000,52,60
41,1,1,4,16,19,85000,52,50
42,2,1,1,18,18,17000,32,40
50,1,1,3,16,28,27000,52,40
33,1,1,3,16,11,20000,44,40
49,2,1,3,12,31,50000,52,38
28,1,1,4,0,10,30000,52,50
42,2,1,1,16,20,100000,52,38
44,2,1,2,14,24,29325,52,50
35,2,2,3,16,13,37000,52,40
34,2,1,2,14,14,20800,52,8
32,1,1,4,18,8,50000,52,50
51,2,1,2,16,29,30122,52,50
45,1,1,2,18,21,150000,52,60
49,2,1,4,5.5,31,19000,52,40
41,1,1,4,12,23,43000,52,40
39,1,1,1,11,21,60632,52,35
53,1,1,4,16,31,45000,52,50
26,1,1,4,11,8,15552,52,40
40,1,2,3,12,22,35000,52,40
40,2,1,3,12,22,18000,52,40
50,2,1,4,16,28,65000,48,40
38,2,2,4,0,20,20000,52,40
52,2,4,4,14,32,50000,52,40
38,2,3,1,14,18,48500,52,40
44,1,1,1,14,24,83160,52,50
45,1,1,1,20,19,150000,52,60
27,2,1,3,12,9,28000,52,40
41,1,1,3,18,17,404469,52,80
29,2,2,3,12,11,42000,52,40
26,1,2,3,12,8,35000,52,40
38,1,1,3,12,20,28000,52,40
39,2,1,3,16,17,36000,52,40
34,1,2,3,14,14,40000,52,40
39,2,5,3,14,19,8000,32,32
36,1,1,3,12,18,35000,52,50
38,1,2,3,12,20,33800,52,40
49,2,1,3,18,25,30000,52,45
40,2,2,3,12,22,26000,52,40
44,1,5,3,14,24,71500,52,50
40,1,5,4,14,20,33000,52,30
33,2,5,4,18,9,22000,52,45
47,1,4,4,14,27,35000,52,40
54,2,5,4,12,36,34000,52,40
29,2,2,2,12,11,36000,52,40
46,2,1,2,18,22,57000,52,40
37,2,1,2,16,15,60000,50,45
43,1,1,2,14,23,20000,52,32
45,2,1,2,12,27,55000,52,55
42,2,1,2,12,24,26000,50,40
51,2,1,2,14,31,16500,52,40
46,1,1,2,14,26,175000,50,48
30,1,1,2,16,8,32208,52,40
41,2,1,2,14,21,38000,52,40
52,2,1,2,14,32,41000,52,40
45,2,1,2,16,23,60000,52,40
52,2,2,2,14,32,17680,44,40
37,1,2,2,14,17,44000,52,60
49,1,1,2,12,31,17000,52,40
39,2,1,3,12,21,18000,52,45
41,1,2,3,14,21,40000,52,56
45,2,1,3,12,27,600,1,10
39,1,1,3,14,19,15500,31,40
49,1,2,3,7.5,31,63000,52,40
42,2,1,1,12,24,15000,45,32
51,2,1,1,16,29,3360,48,10
40,1,1,3,18,16,134988,52,50
39,2,1,3,12,21,20000,26,20
32,2,2,3,14,12,48000,52,45
43,2,1,1,18,19,62000,52,45
41,1,1,1,18,17,200000,52,50
49,1,1,1,14,29,48000,52,50
35,1,1,2,16,13,60000,52,45
43,1,1,2,14,23,35000,52,42
28,1,1,2,14,8,36000,52,40
39,2,1,2,14,19,18500,52,20
54,1,1,3,12,36,66000,52,40
45,2,1,3,16,23,27000,52,45
26,2,2,3,10,8,11000,52,40
45,2,1,2,14,25,5000,52,25
36,2,1,2,16,14,2600,25,4
43,2,1,2,14,23,50000,52,45
33,2,1,2,14,13,23000,47,38
28,1,1,2,16,6,38500,52,38
43,1,1,2,16,21,145000,52,40
30,2,1,2,16,8,30000,52,40
42,1,4,4,14,22,33600,52,40
46,2,2,4,12,28,3000,12,35
28,2,3,4,14,8,23400,52,40
41,1,3,4,14,21,60000,52,40
38,2,1,4,16,16,62000,52,40
41,2,1,4,16,19,8330,52,24
36,2,1,4,18,12,45600,52,40
46,1,1,1,16,24,70000,52,50
39,1,1,1,12,21,44500,52,40
46,2,1,1,14,26,40000,52,30
46,1,1,1,16,24,100000,52,50
33,1,1,1,14,13,28000,52,40
50,2,4,1,14,30,18000,36,40
48,1,1,1,12,30,47000,52,40
26,2,2,1,16,4,40000,52,40
33,1,4,1,16,11,65000,52,40
32,2,2,1,18,8,39000,52,40
32,1,4,1,12,14,17000,52,50
46,2,1,1,16,24,55000,52,42
49,2,1,1,18,25,150000,52,45
50,1,1,1,18,26,158000,52,50
51,2,1,1,14,31,16000,50,28
53,2,1,1,18,29,6600,22,20
42,1,1,3,14,22,39000,52,40
28,1,3,3,14,8,40000,52,80
40,1,1,3,14,20,30000,52,40
44,2,1,3,10,26,16000,52,35
32,1,1,3,12,14,30000,52,40
41,2,1,2,16,19,42000,52,40
37,2,1,2,14,17,19500,52,40
50,1,1,2,14,30,87000,52,50
39,2,1,2,14,19,15000,52,30
36,1,1,2,16,14,30000,52,60
45,2,1,2,14,25,15000,50,25
44,2,1,2,12,26,31500,52,40
32,1,2,2,16,10,920,52,40
39,1,1,2,12,21,35000,52,40
47,2,1,2,10,29,17000,52,40
39,1,5,3,14,19,27000,52,40
48,2,2,3,18,24,24500,52,47
33,2,1,3,12,15,18000,52,40
51,2,1,4,14,31,34000,40,24
43,2,1,4,12,25,28000,52,40
38,1,1,1,18,14,65000,52,40
44,1,1,1,18,20,65000,52,40
37,1,2,1,12,19,75000,52,50
31,1,1,1,12,13,40000,52,40
44,2,1,1,16,22,30000,52,26
39,1,1,1,14,19,33500,17,60
31,2,1,3,12,13,39000,52,37
32,2,2,3,9,14,19000,52,50
39,1,1,3,14,19,39000,52,70
30,2,1,2,14,10,36500,52,36
44,2,1,2,12,26,19000,52,40
41,2,1,2,14,21,10000,52,16
43,1,3,2,14,23,13000,52,40
37,1,1,3,11,19,2000,6,40
42,1,1,3,16,20,75000,52,55
36,1,1,3,12,18,45000,52,40
47,2,1,3,14,27,16000,36,50
41,2,1,3,12,23,10000,40,20
31,1,1,3,18,7,65000,52,50
28,1,4,4,18,4,50000,52,40
27,2,1,4,14,7,16000,52,38
25,2,1,4,12,7,3400,40,16
30,1,5,4,14,10,25792,50,43
44,2,1,1,12,26,14560,52,40
45,2,1,1,16,23,61000,52,32
52,2,3,1,18,28,14000,30,30
46,2,1,1,16,24,28500,52,25
48,2,1,3,16,26,38000,52,32
28,1,1,3,16,6,26000,52,45
34,2,2,3,14,14,23700,52,40
31,1,1,4,12,13,45000,52,60
30,1,1,3,14,10,60000,52,40
47,2,1,3,12,29,65000,52,40
50,1,2,2,12,32,42000,52,40
32,1,1,2,12,14,70000,52,50
42,2,1,2,14,22,50000,52,50
50,1,1,2,12,32,18440,52,40
51,2,1,4,14,31,45000,52,40
45,2,1,4,18,21,70000,52,40
53,2,3,4,18,29,75853,44,40
45,1,2,3,14,25,15000,12,20
32,2,2,3,14,12,12500,52,25
39,2,2,3,12,21,5000,38,24
41,2,1,3,11,23,9360,52,30
48,1,4,4,16,26,48000,52,40
43,1,1,4,18,19,150000,52,45
49,2,2,4,12,31,20000,52,40
49,2,1,4,12,31,72000,52,40
52,2,2,4,14,32,38000,52,40
46,1,2,4,16,24,35000,52,40
47,2,2,4,16,25,31000,52,40
37,2,4,4,18,13,43000,52,40
33,1,1,4,18,9,40000,52,45
38,1,1,4,12,20,32000,52,56
39,1,2,1,14,19,21000,35,40
47,1,2,3,12,29,27000,52,40
38,2,1,3,14,18,30000,52,40
38,2,2,3,14,18,51000,52,32
29,2,1,3,14,9,14000,13,40
48,1,1,3,14,28,404469,52,70
28,1,4,3,18,4,5000,26,26
46,2,1,3,14,26,12000,52,40
40,1,1,3,14,20,21500,52,40
37,1,1,4,18,13,53300,44,50
41,1,1,4,12,23,60000,52,40
36,1,1,4,12,18,43000,52,40
51,2,1,4,14,31,28000,52,34
37,1,2,2,14,17,12500,26,45
27,1,1,2,14,7,20080,52,40
35,2,1,2,12,17,31500,52,35
43,1,1,2,12,25,4000,8,47
43,2,1,2,16,21,6600,48,10
37,1,1,2,14,17,29000,52,40
36,1,1,2,14,16,61360,52,40
40,1,1,2,20,14,60000,52,55
41,1,1,2,12,23,13600,30,40
38,2,1,2,18,14,30000,52,40
40,2,1,2,14,20,16012,52,48
42,1,1,3,12,24,36400,52,40
52,1,2,3,12,34,27000,52,40
40,2,1,3,16,18,70000,52,40
28,2,1,3,14,8,32000,52,50
33,2,1,3,12,15,9600,52,35
46,2,1,1,16,24,10000,39,20
53,1,1,1,14,33,53000,52,40
25,1,1,1,16,3,28500,52,40
53,2,2,2,14,33,60000,52,40
48,2,1,2,12,30,7800,52,20
40,1,1,2,12,22,39000,52,40
38,2,1,2,16,16,33000,48,25
47,1,2,3,12,29,15000,52,25
30,1,2,3,14,10,15000,50,40
38,1,1,2,12,20,21000,52,60
35,2,1,2,16,13,39048,52,40
34,2,1,2,14,14,45000,52,5
31,1,5,2,10,13,22000,52,40
49,1,1,1,14,29,60000,52,45
48,1,1,1,14,28,86000,52,40
31,2,1,1,16,9,56000,52,40
52,1,1,1,18,28,150000,52,50
47,2,1,1,18,23,35000,35,32
42,1,1,1,18,18,404469,52,60
46,1,1,1,18,22,43000,52,33
30,1,1,1,20,4,21000,26,50
33,1,1,3,14,13,50000,52,65
32,2,1,2,12,14,26780,52,40
43,2,1,2,14,23,13000,52,25
32,1,4,2,18,8,75000,51,40
41,1,1,2,12,23,42000,52,45
48,1,1,2,12,30,70000,52,50
30,1,1,2,12,12,20800,52,40
33,2,1,4,18,9,50400,52,40
35,2,1,1,14,15,2700,26,18
54,1,1,1,18,30,75000,52,60
39,2,1,1,12,21,1600,40,6
25,1,1,1,14,5,24000,52,40
36,2,1,1,12,18,11000,49,38
30,2,1,2,16,8,26000,30,40
31,2,1,3,14,11,10000,44,40
32,1,1,3,14,12,30000,52,40
40,2,1,3,14,20,26000,52,45
41,1,2,3,12,23,65600,52,40
49,1,4,3,12,31,14100,47,50
44,2,1,4,12,26,1760,22,15
25,1,1,4,14,5,16000,52,45
26,2,1,4,12,8,11000,44,24
34,2,1,1,16,12,50000,52,40
50,1,1,1,14,30,70000,52,38
26,2,1,1,12,8,336,4,12
44,1,1,3,16,22,46000,52,37
25,1,5,4,12,7,30000,52,36
38,2,1,4,14,18,54000,52,36
41,2,1,4,14,21,55000,52,40
36,1,1,3,14,16,32000,51,42
42,2,1,3,16,20,33000,52,52
29,2,1,2,14,9,30000,52,40
45,1,1,2,14,25,30000,26,84
48,2,1,2,14,28,69000,51,40
42,1,1,3,14,22,31000,52,50
26,1,2,3,9,8,10100,35,40
32,1,5,4,12,14,49680,50,44
32,2,4,4,12,14,21000,52,40
37,2,1,3,14,17,32000,52,40
33,2,1,3,14,13,12000,52,20
34,1,4,4,18,10,140000,52,40
48,1,1,4,16,26,150000,52,50
52,1,4,4,14,32,65000,52,40
27,1,4,4,16,5,55000,52,50
47,1,1,1,18,23,90000,52,50
40,2,2,3,14,20,20000,52,50
43,1,1,3,16,21,60000,52,40
43,1,1,3,12,25,40000,52,45
34,1,2,3,12,16,42000,52,40
35,2,1,3,12,17,43000,52,42
26,1,1,3,12,8,63000,52,40
37,2,1,3,16,15,90001,52,40
50,1,1,3,16,28,96000,52,80
46,2,1,3,16,24,62316,52,80
38,1,1,4,16,16,60000,52,40
41,2,1,4,16,19,100000,52,50
46,1,1,4,10,28,27000,30,50
50,1,1,2,20,24,404469,52,65
30,1,4,2,14,10,30000,52,40
49,2,1,2,18,25,54000,52,40
36,2,4,2,20,10,42000,52,50
44,1,1,2,12,26,25027,52,40
39,2,1,2,16,17,5078,36,20
33,1,1,3,12,15,37030,52,40
46,1,1,3,11,28,32000,52,40
32,2,1,1,7.5,14,10000,52,30
47,2,4,2,16,25,48000,52,40
38,1,5,2,12,20,70000,52,40
35,2,1,2,16,13,38000,52,45
35,1,1,3,11,17,30000,48,60
44,2,1,3,14,24,34000,52,40
43,1,1,2,16,21,32500,52,60
36,2,1,2,18,12,58000,52,40
53,1,1,2,14,33,60000,52,40
34,2,1,2,14,14,13000,52,42
43,2,1,1,12,25,18000,52,20
39,2,1,1,12,21,24000,52,40
34,1,1,4,16,12,175000,52,45
43,1,1,4,16,21,76000,52,35
34,1,2,1,12,16,24000,35,40
31,2,1,1,12,13,21840,26,40
49,2,2,1,11,31,15000,52,40
35,2,2,3,12,17,18000,52,40
42,2,1,3,16,20,2100,7,7
36,1,1,3,14,16,41000,52,40
34,1,1,2,12,16,26000,52,40
45,2,1,2,14,25,23000,52,32
47,1,1,2,16,25,65000,52,40
39,2,1,2,20,13,42000,52,40
40,2,1,2,16,18,140000,52,50
38,1,2,2,12,20,2000,10,40
47,2,1,2,14,27,21000,52,24
33,2,1,1,14,13,43000,52,70
38,1,1,1,12,20,50000,52,40
52,1,1,1,18,28,58000,52,49
29,2,1,1,14,9,85000,52,70
32,1,1,1,16,10,30000,44,50
38,1,1,1,5.5,20,31000,52,40
49,2,1,3,12,31,13225,20,40
36,2,1,3,16,14,17000,52,40
33,1,1,3,12,15,35000,48,60
36,1,1,3,14,16,27792,36,40
43,2,2,3,18,19,50000,52,40
33,1,1,3,16,11,57000,52,40
46,2,1,1,16,24,15000,35,20
28,1,1,1,12,10,45000,44,55
44,2,1,3,18,20,190000,52,45
42,1,1,3,18,18,404469,52,50
47,1,1,3,12,29,42000,52,40
49,2,2,3,12,31,21840,52,40
40,1,1,4,16,18,144000,52,50
43,2,1,4,16,21,70000,52,30
29,2,1,4,12,11,14000,34,36
30,1,4,4,16,8,70000,52,55
45,1,1,2,12,27,70000,52,45
52,2,1,2,12,34,25000,52,40
53,1,2,3,12,35,36000,52,40
43,1,1,4,12,25,89000,52,40
48,1,1,4,18,24,80000,52,50
41,2,1,3,12,23,32000,52,40
51,2,4,4,16,29,22000,28,40
31,2,2,4,16,9,36000,52,40
39,2,4,4,14,19,45000,52,40
37,2,1,4,12,19,22880,52,40
35,1,1,4,16,13,130000,52,60
52,2,1,4,14,32,12037,16,40
45,2,1,1,16,23,50000,52,40
44,2,1,1,14,24,55000,52,40
52,1,1,1,16,30,126000,52,60
29,2,1,1,14,9,17000,52,35
46,1,1,1,16,24,120000,52,45
25,1,1,3,14,5,89000,52,30
37,2,2,3,12,19,50960,52,40
43,2,2,3,12,25,28000,52,40
50,1,1,3,12,32,36500,52,40
43,1,1,3,12,25,136000,52,60
32,2,2,3,14,12,52000,52,40
40,1,2,3,16,18,55000,52,40
34,2,1,4,16,12,56500,52,40
46,2,4,4,14,26,30000,52,40
40,2,4,4,18,16,27000,28,40
54,1,2,2,14,34,24000,48,40
47,2,1,2,12,29,14000,36,38
43,1,1,2,16,21,100000,52,60
41,1,1,2,16,19,75000,52,40
40,2,1,2,12,22,16000,52,36
40,2,1,2,12,22,19500,52,40
53,2,1,3,18,29,58000,52,40
50,2,1,3,18,26,46100,39,46
43,2,1,3,16,21,23941,52,45
44,2,1,1,16,22,7560,35,18
44,2,1,3,12,26,34200,52,40
39,1,1,3,14,19,45000,52,50
40,2,1,3,12,22,500,4,5
45,2,1,3,16,23,24000,40,50
42,1,1,1,16,20,75000,52,50
54,1,1,1,16,32,120000,52,45
47,1,1,2,12,29,85000,52,46
39,1,1,2,12,21,30000,52,40
35,1,1,2,16,13,120000,52,40
53,1,1,2,12,35,57000,52,40
40,1,1,2,12,22,40000,52,40
36,2,1,3,16,14,27300,52,45
44,1,1,1,16,22,64000,52,52
35,1,2,1,14,15,57453,52,40
53,2,2,1,14,33,25500,52,40
47,1,1,1,18,23,160000,52,50
43,2,3,4,12,25,8000,52,40
41,1,1,1,16,19,70000,52,40
43,1,4,1,12,25,42000,52,40
37,1,1,1,16,15,70000,52,45
50,2,1,1,14,30,72000,48,50
34,1,1,3,12,16,20000,52,40
28,1,1,2,16,6,35000,39,40
25,1,1,3,14,5,47399,52,45
43,2,1,4,12,25,24000,52,40
43,1,1,1,18,19,80000,52,45
42,1,1,1,12,24,45000,52,50
25,1,1,1,18,1,40000,52,40
36,2,1,1,12,18,8000,52,40
38,1,1,1,12,20,1200,8,24
47,2,2,3,16,25,31000,52,40
46,2,1,2,16,24,28000,36,36
54,1,1,3,18,30,130000,52,50
35,2,1,3,11,17,37440,52,40
41,2,1,3,12,23,14000,52,40
25,1,2,3,14,5,10000,52,40
33,1,1,4,14,13,45000,52,40
41,2,1,4,16,19,42000,40,40
32,2,1,3,12,14,42000,52,40
37,2,1,3,12,19,63000,52,40
29,1,2,3,14,9,15000,40,20
45,1,1,4,18,21,18400,52,40
49,1,1,4,12,31,117000,52,57
48,1,1,3,12,30,37000,52,40
52,2,1,4,18,28,70000,40,50
28,2,1,3,12,10,20000,52,37
47,1,4,3,7.5,29,15000,52,56
45,1,3,4,12,27,38000,45,40
32,2,5,4,12,14,46000,52,48
39,1,1,4,12,21,16500,52,40
40,2,1,4,12,22,5902,42,15
31,2,1,4,14,11,5640,44,32
28,1,1,4,11,10,20800,52,40
53,2,1,4,12,35,50000,52,40
39,1,4,4,16,17,16457,52,40
34,1,1,4,14,14,46800,52,60
48,2,1,4,14,28,49000,52,40
34,2,1,4,14,14,45000,52,40
34,1,1,4,16,12,22000,52,40
49,1,1,4,16,27,23000,52,40
40,1,1,4,16,18,145000,52,40
37,2,1,4,16,15,30000,52,28
52,1,1,3,14,32,18000,52,40
42,1,1,3,12,24,60000,52,40
38,2,1,3,12,20,23000,52,40
37,1,2,3,14,17,27000,52,40
40,1,1,3,12,22,49400,52,40
54,1,4,4,12,36,52000,52,40
46,2,4,4,16,24,54000,52,40
38,1,1,4,14,18,40000,44,40
49,1,1,4,12,31,43000,52,40
43,2,2,2,16,21,84000,36,40
32,2,1,2,7.5,14,23000,52,52
41,1,4,2,16,19,77000,52,40
37,1,1,2,14,17,83000,52,40
51,2,1,2,16,29,40000,52,62
33,1,1,2,14,13,33000,52,50
30,1,1,2,10,12,24000,52,40
37,2,1,2,14,17,37000,14,24
29,2,1,3,14,9,26000,52,40
30,2,1,3,12,12,18000,50,30
50,1,1,3,16,28,75000,52,55
44,2,1,1,12,26,7500,40,23
33,2,1,1,18,9,44000,52,40
33,1,4,3,20,7,180000,52,50
34,1,1,3,18,10,404469,52,65
49,2,1,3,12,31,38000,52,40
39,2,1,2,12,21,33000,52,40
33,1,1,2,12,15,43000,52,52
41,1,1,2,12,23,45000,52,60
38,1,4,2,18,14,130000,52,50
45,2,1,2,12,27,7500,30,24
49,1,2,2,12,31,9600,12,40
44,2,1,2,14,24,48000,52,40
49,2,1,2,18,25,20000,44,25
33,2,1,2,16,11,30000,52,20
50,2,1,3,14,30,12500,52,40
47,1,2,3,12,29,15600,52,40
34,1,1,2,16,12,75000,52,70
41,1,4,2,18,17,404469,52,50
41,1,2,2,14,21,15000,52,40
46,1,1,4,12,28,75000,52,40
45,1,1,2,14,25,38000,52,45
40,2,1,2,14,20,34000,52,30
48,2,1,2,14,28,23000,52,40
42,2,4,4,16,20,55000,52,40
33,2,1,4,9,15,9600,52,20
54,1,4,4,12,36,34000,44,40
43,2,1,1,7.5,25,19500,52,40
39,2,1,1,16,17,18000,52,20
35,1,1,1,20,9,60000,52,80
42,2,1,1,14,22,36200,52,30
45,1,1,2,12,27,20152,12,40
38,1,2,3,18,14,35000,52,40
33,1,1,3,14,13,45000,52,40
33,1,1,4,14,13,26000,52,40
38,2,1,4,14,18,12000,40,40
41,2,4,4,16,19,12000,50,17
30,1,4,1,16,8,180000,52,40
45,1,1,1,12,27,66000,52,45
43,2,1,1,18,19,40000,52,48
34,1,1,1,16,12,36501,52,55
50,1,1,1,18,26,51000,52,40
35,2,2,1,16,13,35000,45,38
43,2,1,1,14,23,25000,52,32
37,1,1,1,14,17,55000,52,45
45,2,1,1,18,21,77000,52,52
31,2,1,1,11,13,10152,36,40
35,1,2,3,16,13,40000,52,40
41,1,2,3,12,23,28000,52,40
54,2,1,3,14,34,40000,52,40
39,2,1,3,14,19,60000,52,40
31,1,1,3,14,11,85000,52,53
47,1,1,3,7.5,29,18000,52,40
44,2,2,3,14,24,14000,52,40
29,2,4,3,14,9,17000,52,40
41,1,1,3,12,23,30000,52,50
28,1,4,3,16,6,28000,52,45
43,1,1,3,14,23,34000,52,52
47,2,1,4,14,27,1500,30,8
32,2,1,4,9,14,10000,52,40
40,1,1,1,16,18,60000,52,50
44,1,2,3,14,24,40000,52,40
37,2,1,4,14,17,40000,52,50
45,1,1,4,18,21,140000,52,40
42,2,4,4,12,24,16342,52,40
37,1,1,2,14,17,98000,52,50
47,1,1,2,12,29,28000,52,40
50,1,1,4,18,26,150000,52,40
41,2,1,4,12,23,24500,44,50
45,1,2,3,10,27,1900,12,40
27,2,1,3,10,9,10152,36,40
34,2,1,4,16,12,49000,40,40
32,1,1,4,14,12,64000,52,60
50,1,1,4,16,28,125000,52,50
45,2,1,4,12,27,26000,52,44
50,1,5,4,12,32,27500,52,40
47,2,1,4,12,29,47000,52,40
35,2,1,3,16,13,29500,52,40
28,1,1,3,12,10,46000,52,70
53,2,1,4,18,29,70000,52,40
48,1,1,4,0,30,10000,52,40
48,2,4,4,16,26,18000,49,40
31,1,1,4,14,11,24000,52,40
40,2,1,4,14,20,44000,52,40
50,2,1,4,12,32,24700,52,40
36,1,1,4,5.5,18,19100,40,50
48,1,1,4,12,30,68000,52,40
29,1,2,4,14,9,45000,52,40
45,2,1,4,14,25,40000,52,55
50,1,1,4,12,32,51000,52,43
37,1,1,4,9,19,22724,52,50
32,1,1,4,16,10,36000,52,40
25,2,2,1,12,7,30450,52,28
37,1,2,3,14,17,35000,52,60
48,1,1,3,20,22,100000,52,40
37,1,1,3,16,15,62000,52,42
34,1,1,3,2.5,16,20000,52,65
51,2,1,3,14,31,18000,25,40
43,1,1,3,18,19,75000,52,55
28,1,1,3,12,10,43000,52,50
44,1,4,4,12,26,32000,52,48
43,2,1,2,12,25,27000,52,40
38,2,1,2,16,16,45000,52,40
48,2,1,2,14,28,40000,52,40
50,1,1,2,14,30,29000,52,40
36,1,1,2,14,16,17000,52,40
30,1,1,2,12,12,26000,52,40
38,1,1,2,18,14,80000,52,40
46,1,1,3,12,28,30000,52,40
49,2,1,3,12,31,17000,52,40
42,1,1,3,12,24,35000,52,40
34,1,1,1,14,14,35000,52,40
38,1,2,3,12,20,55000,48,60
47,2,1,3,11,29,18000,52,40
44,2,1,3,18,20,1040,7,20
36,2,1,3,10,18,30000,52,40
28,1,2,3,16,6,23400,52,40
28,2,1,2,14,8,20000,52,55
44,2,1,2,14,24,24000,52,25
37,1,1,2,16,15,60000,52,50
53,1,1,3,18,29,5000,48,16
27,2,1,3,16,5,1400,4,40
42,2,2,2,12,24,23000,52,20
48,1,1,2,14,28,84000,52,50
40,1,1,4,16,18,79000,52,40
35,2,1,2,16,13,45000,52,40
35,1,1,2,14,15,45000,52,50
32,2,1,2,14,12,25000,52,40
44,1,2,4,14,24,34000,35,35
43,1,1,1,12,25,15000,52,5
34,2,1,1,12,16,25000,52,40
38,2,1,1,14,18,35000,52,40
46,1,2,1,12,28,33800,52,40
41,2,1,1,18,17,37000,52,40
30,2,1,4,16,8,35000,52,24
42,2,1,4,14,22,13000,40,28
27,2,3,4,12,9,15000,52,40
35,2,2,1,10,17,15240,16,40
45,2,2,1,14,25,50000,52,40
28,2,4,1,16,6,65000,52,40
28,1,4,1,18,4,55000,52,40
38,1,1,1,12,20,29500,52,40
35,1,1,1,12,17,14000,26,40
43,1,1,1,12,25,40000,52,40
43,1,4,1,18,19,35000,52,80
45,2,1,3,16,23,23000,40,40
54,2,1,2,16,32,35000,52,45
42,1,1,2,16,20,55000,52,40
42,1,1,2,11,24,12000,52,40
38,2,2,2,12,20,46000,52,40
49,2,2,2,12,31,24500,52,25
40,1,1,1,12,22,16000,44,58
36,1,1,1,14,16,80000,52,40
29,1,1,1,12,11,52000,52,70
47,1,1,1,14,27,45000,52,40
34,2,1,1,14,14,23000,12,40
46,2,1,1,18,22,6500,35,12
38,2,1,3,18,14,25000,40,40
47,2,1,3,16,25,15000,28,40
46,1,1,3,12,28,50000,52,70
31,2,1,2,12,13,17000,52,40
34,2,1,3,12,16,18000,52,27
31,1,2,3,12,13,12000,52,40
54,1,1,3,9,36,29000,52,40
47,2,1,3,20,21,393847,52,55
41,1,1,3,9,23,50000,52,50
39,1,1,3,2.5,21,25000,52,40
26,1,5,3,12,8,40000,52,40
52,1,2,3,14,32,11000,52,40
29,1,1,3,14,9,31000,32,40
43,1,1,3,16,21,84000,42,40
49,1,1,4,14,29,404469,52,60
26,2,1,4,16,4,22000,52,40
52,1,1,1,16,30,50000,52,55
27,2,1,3,2.5,9,10000,52,30
35,1,1,3,16,13,112000,52,40
51,1,1,4,12,33,15600,52,40
39,2,1,4,14,19,20337,52,42
44,2,1,3,10,26,7500,36,40
42,2,1,3,12,24,16000,52,35
29,1,1,2,14,9,60000,52,60
31,2,1,4,16,9,33000,52,40
